Type,data1,data2
1,4.398174315239427,3.518678468571852
2,3.992288589477539,2.1343445777893066
3,4.021829128265381,2.7149035930633545
4,3.4584945420384443,3.781743780027791
5,3.978523140657235,2.972914802503132
